KIND	NAME	FILE	LINE
def	ones	ACIManifold.lean	25
abbrev	StateSpace	ACIManifold.lean	27
def	ConservationSet	ACIManifold.lean	29
def	V0	ACIManifold.lean	48
def	sumFunctional	ACIManifold.lean	76
def	V0_stable	ACIManifold.lean	245
def	V0_neg_def	ACIManifold.lean	257
structure	ACI_AuditVector	ACIManifold.lean	262
def	ACI_v1_audit	ACIManifold.lean	271
structure	SystemCore	AM10.lean	5
inductive	NodeChain	AM10.lean	13
def	M_N7	AM10.lean	17
def	SystemValid	AM10.lean	51
structure	AxiomCore	AWM21.lean	20
def	AxiomCore.valid	AWM21.lean	26
structure	Governance	AWM21.lean	29
def	Governance.consistent	AWM21.lean	34
structure	SystemState	AWM21.lean	38
structure	ValidTransition	AWM21.lean	43
def	id_transition	AWM21.lean	54
inductive	Domain	AWM21.lean	67
def	all_domains	AWM21.lean	76
def	domain_priority	AWM21.lean	89
def	bottleneck	AWM21.lean	102
def	depends_on	AWM21.lean	119
structure	AWM_AuditVector	AWM21.lean	147
def	AWM21_audit	AWM21.lean	173
structure	GeometryBounds	AWMCore.lean	15
def	Trajectory	AWMCore.lean	107
def	step_diff	AWMCore.lean	109
def	spectrally_normalized	AWMCore.lean	132
structure	AWMParams	AWMCore.lean	145
structure	AWMState	AWMCore.lean	153
structure	AWMCoreAudit	AWMCore.lean	193
def	AWMCore_audit	AWMCore.lean	203
structure	FiniteGroup	AbstractAlgebra.lean	14
def	is_subgroup	AbstractAlgebra.lean	61
structure	Ring	AbstractAlgebra.lean	93
def	has_zero_divisor	AbstractAlgebra.lean	135
def	is_integral_domain	AbstractAlgebra.lean	140
def	is_ideal	AbstractAlgebra.lean	143
structure	Field	AbstractAlgebra.lean	161
structure	VectorSpace	AbstractAlgebra.lean	198
def	is_group_hom	AbstractAlgebra.lean	217
structure	GaloisGroup	AbstractAlgebra.lean	296
def	is_solvable_group	AbstractAlgebra.lean	336
structure	Representation	AbstractAlgebra.lean	349
def	is_simple_module	AbstractAlgebra.lean	385
inductive	Domain21	AbstractAlgebra.lean	403
structure	DomainMonoid	AbstractAlgebra.lean	414
structure	DomainGroup	AbstractAlgebra.lean	431
structure	DomainRing	AbstractAlgebra.lean	456
def	domain_mass_map	AbstractAlgebra.lean	505
structure	AbstractAlgebraLock	AbstractAlgebra.lean	546
def	AALock	AbstractAlgebra.lean	618
def	is_supersonic	AcousticsWaves.lean	173
inductive	Domain21	AcousticsWaves.lean	228
structure	AcousticsLock	AcousticsWaves.lean	289
def	ALock	AcousticsWaves.lean	327
def	sumset	AdditiveNumberTheory.lean	11
def	is_AP	AdditiveNumberTheory.lean	121
def	AP_length	AdditiveNumberTheory.lean	130
def	is_3AP_free	AdditiveNumberTheory.lean	149
def	waring_g	AdditiveNumberTheory.lean	163
inductive	Domain21	AdditiveNumberTheory.lean	244
def	domain_A	AdditiveNumberTheory.lean	253
def	domain_B	AdditiveNumberTheory.lean	256
def	domain_AP	AdditiveNumberTheory.lean	275
structure	AdditiveNumberTheoryLock	AdditiveNumberTheory.lean	303
def	ANTLock	AdditiveNumberTheory.lean	334
def	AffineVariety	AlgebraicGeometry.lean	11
def	vanishes	AlgebraicGeometry.lean	14
def	in_ideal	AlgebraicGeometry.lean	41
def	is_radical_ideal	AlgebraicGeometry.lean	63
def	projective_dim	AlgebraicGeometry.lean	72
def	is_homogeneous	AlgebraicGeometry.lean	78
def	variety_degree	AlgebraicGeometry.lean	87
structure	RegularSheaf	AlgebraicGeometry.lean	102
def	scheme_morphism_nonneg	AlgebraicGeometry.lean	119
structure	Divisor	AlgebraicGeometry.lean	131
def	divisor_degree	AlgebraicGeometry.lean	134
def	is_effective	AlgebraicGeometry.lean	147
structure	EllipticCurve	AlgebraicGeometry.lean	164
def	on_curve	AlgebraicGeometry.lean	169
def	ec_identity	AlgebraicGeometry.lean	182
def	hodge_number	AlgebraicGeometry.lean	202
def	euler_char_cohom	AlgebraicGeometry.lean	209
def	moduli_dim	AlgebraicGeometry.lean	220
def	EC_moduli_dim	AlgebraicGeometry.lean	229
inductive	Domain21	AlgebraicGeometry.lean	243
def	domain_variety_dim	AlgebraicGeometry.lean	252
def	domain_divisor	AlgebraicGeometry.lean	258
def	domain_moduli_dim	AlgebraicGeometry.lean	271
structure	AlgebraicGeometryLock	AlgebraicGeometry.lean	293
def	AGLock	AlgebraicGeometry.lean	320
structure	Loop	AlgebraicTopology.lean	11
structure	CoveringMap	AlgebraicTopology.lean	52
def	is_universal_cover	AlgebraicTopology.lean	63
structure	DeckTransformation	AlgebraicTopology.lean	69
structure	ChainComplex	AlgebraicTopology.lean	91
structure	Simplex	AlgebraicTopology.lean	109
def	vertex_simplex	AlgebraicTopology.lean	113
def	edge_simplex	AlgebraicTopology.lean	117
structure	CochainComplex	AlgebraicTopology.lean	132
structure	ShortExactSequence	AlgebraicTopology.lean	168
def	homotopic	AlgebraicTopology.lean	201
def	is_contractible	AlgebraicTopology.lean	233
structure	FiberBundle	AlgebraicTopology.lean	247
def	trivial_bundle	AlgebraicTopology.lean	255
structure	KElement	AlgebraicTopology.lean	271
inductive	Domain21	AlgebraicTopology.lean	303
structure	AWMComplex	AlgebraicTopology.lean	312
def	full_AWM_complex	AlgebraicTopology.lean	322
def	AWM_connected	AlgebraicTopology.lean	332
structure	AlgTopLock	AlgebraicTopology.lean	373
def	ATLock	AlgebraicTopology.lean	412
def	is_multiplicative	AnalyticNumberTheory.lean	11
def	liouville_fn	AnalyticNumberTheory.lean	41
def	pi_x	AnalyticNumberTheory.lean	99
def	primes_in_AP	AnalyticNumberTheory.lean	138
inductive	Domain21	AnalyticNumberTheory.lean	232
structure	AnalyticNumberTheoryLock	AnalyticNumberTheory.lean	292
def	ANTLock	AnalyticNumberTheory.lean	328
structure	RegistryObject	AntaresCategory.lean	11
structure	Kernel	AntaresCategory.lean	16
structure	GovernancePolicy	AntaresCategory.lean	21
structure	SystemState	AntaresCategory.lean	25
structure	StateTransition	AntaresCategory.lean	30
def	compose_transitions	AntaresCategory.lean	37
def	id_transition	AntaresCategory.lean	46
def	stricter	AntaresCategory.lean	53
structure	AntaresAuditVector	AntaresCategory.lean	69
def	Antares_audit	AntaresCategory.lean	75
structure	EllipticCurve	ArithmeticGeometry.lean	7
def	abelian_variety_dim	ArithmeticGeometry.lean	27
structure	Isogeny	ArithmeticGeometry.lean	32
def	modular_weight	ArithmeticGeometry.lean	46
def	shimura_dim	ArithmeticGeometry.lean	67
def	galois_group_order	ArithmeticGeometry.lean	105
structure	GaloisRep	ArithmeticGeometry.lean	111
def	arith_surface_genus	ArithmeticGeometry.lean	126
inductive	Domain21	ArithmeticGeometry.lean	158
def	domain_EC	ArithmeticGeometry.lean	167
def	domain_isogeny	ArithmeticGeometry.lean	177
def	domain_galois_rep	ArithmeticGeometry.lean	185
structure	ArithmeticGeometryLock	ArithmeticGeometry.lean	212
def	AGLock	ArithmeticGeometry.lean	247
def	orbital_degeneracy	AtomicMolecularPhysics.lean	56
inductive	Domain21	AtomicMolecularPhysics.lean	199
structure	AtomicMolecularLock	AtomicMolecularPhysics.lean	252
def	AMLock	AtomicMolecularPhysics.lean	289
def	edit_distance_nonneg	BioinformaticsTheory.lean	13
def	seq_hamming	BioinformaticsTheory.lean	25
def	complement	BioinformaticsTheory.lean	40
inductive	Domain21	BioinformaticsTheory.lean	81
structure	BioinformaticsLock	BioinformaticsTheory.lean	111
def	BioLock	BioinformaticsTheory.lean	127
structure	Category	CategoryTheoryAdvanced.lean	12
structure	Functor	CategoryTheoryAdvanced.lean	45
def	id_functor	CategoryTheoryAdvanced.lean	71
structure	NatTrans	CategoryTheoryAdvanced.lean	81
def	is_terminal	CategoryTheoryAdvanced.lean	104
def	is_initial	CategoryTheoryAdvanced.lean	109
structure	Product	CategoryTheoryAdvanced.lean	114
def	pullback_exists	CategoryTheoryAdvanced.lean	126
structure	Adjunction	CategoryTheoryAdvanced.lean	140
structure	Monad	CategoryTheoryAdvanced.lean	165
def	kleisli_obj	CategoryTheoryAdvanced.lean	181
def	subobject_classifier_proxy	CategoryTheoryAdvanced.lean	193
def	is_CCC	CategoryTheoryAdvanced.lean	207
def	enriched_hom_nonneg	CategoryTheoryAdvanced.lean	220
def	ab_enriched_nonneg	CategoryTheoryAdvanced.lean	229
def	dg_diff_sq_zero	CategoryTheoryAdvanced.lean	238
inductive	Domain21	CategoryTheoryAdvanced.lean	249
def	AWM_category	CategoryTheoryAdvanced.lean	259
def	AWM_id_functor	CategoryTheoryAdvanced.lean	283
structure	CategoryTheoryAdvancedLock	CategoryTheoryAdvanced.lean	315
def	CTALock	CategoryTheoryAdvanced.lean	368
structure	LinearCode	CodingTheory.lean	10
def	codeword	CodingTheory.lean	15
def	min_distance	CodingTheory.lean	27
def	hamming_n	CodingTheory.lean	56
def	hamming_k	CodingTheory.lean	57
def	cyclic_shift	CodingTheory.lean	84
def	gen_poly_degree	CodingTheory.lean	98
def	RS_min_distance	CodingTheory.lean	110
structure	TannerGraph	CodingTheory.lean	130
def	interleaver_size	CodingTheory.lean	152
inductive	Domain21	CodingTheory.lean	219
def	AWM_code_n	CodingTheory.lean	228
def	AWM_code_k	CodingTheory.lean	229
def	AWM_code_d	CodingTheory.lean	230
structure	CodingTheoryLock	CodingTheory.lean	275
def	CTLock	CodingTheory.lean	305
structure	SimpleGraph	Combinatorics.lean	130
def	degree	Combinatorics.lean	135
def	complete_graph	Combinatorics.lean	171
def	bell_number	Combinatorics.lean	184
def	catalan	Combinatorics.lean	228
inductive	Domain21	Combinatorics.lean	280
structure	CombinatoricsLock	Combinatorics.lean	321
def	CombLock	Combinatorics.lean	343
structure	CREquations	ComplexAnalysis.lean	7
inductive	Domain21	ComplexAnalysis.lean	191
def	domain_CR	ComplexAnalysis.lean	232
structure	ComplexAnalysisLock	ComplexAnalysis.lean	242
def	CALock	ComplexAnalysis.lean	272
def	k_sparse	CompressedSensing.lean	12
def	RIP	CompressedSensing.lean	67
def	JL_preserves	CompressedSensing.lean	272
inductive	Domain21	CompressedSensing.lean	286
structure	SparseAnomaly	CompressedSensing.lean	296
structure	CompressedSensingLock	CompressedSensing.lean	369
def	CSLock	CompressedSensing.lean	399
def	big_O	ComputationalComplexity.lean	11
def	big_Omega	ComputationalComplexity.lean	15
def	big_Theta	ComputationalComplexity.lean	19
def	poly_time	ComputationalComplexity.lean	48
def	space_bound	ComputationalComplexity.lean	87
def	in_PSPACE	ComputationalComplexity.lean	94
def	DecisionProblem	ComputationalComplexity.lean	104
def	complement_problem	ComputationalComplexity.lean	106
def	reduces_to	ComputationalComplexity.lean	117
def	in_NP	ComputationalComplexity.lean	138
def	is_NP_hard	ComputationalComplexity.lean	143
def	AND_gate	ComputationalComplexity.lean	166
def	OR_gate	ComputationalComplexity.lean	173
def	NOT_gate	ComputationalComplexity.lean	181
def	BPP_proxy	ComputationalComplexity.lean	191
inductive	Domain21	ComputationalComplexity.lean	227
def	domain_decision	ComputationalComplexity.lean	241
structure	ComputationalComplexityLock	ComputationalComplexity.lean	274
def	CCLock	ComputationalComplexity.lean	325
def	lattice_vector	CondensedMatterPhysics.lean	11
def	chern_number	CondensedMatterPhysics.lean	184
inductive	Domain21	CondensedMatterPhysics.lean	202
structure	CondensedMatterLock	CondensedMatterPhysics.lean	251
def	CMLock	CondensedMatterPhysics.lean	290
structure	PrimaryOperator	ConformalFieldTheory.lean	66
def	unitarity_satisfied	ConformalFieldTheory.lean	84
def	unitary_CFT	ConformalFieldTheory.lean	118
def	c_theorem_satisfied	ConformalFieldTheory.lean	128
def	modular_invariant	ConformalFieldTheory.lean	152
def	T_invariant	ConformalFieldTheory.lean	156
structure	StateOperatorPair	ConformalFieldTheory.lean	163
def	vacuum_zero_energy	ConformalFieldTheory.lean	174
def	OPE_unitary	ConformalFieldTheory.lean	228
def	crossing_symmetric	ConformalFieldTheory.lean	246
inductive	Domain21	ConformalFieldTheory.lean	334
structure	DomainPrimary	ConformalFieldTheory.lean	345
structure	CFTLock	ConformalFieldTheory.lean	397
def	CFTSystemLock	ConformalFieldTheory.lean	429
structure	ContactForm	ContactGeometry.lean	11
def	contact_hyperplane	ContactGeometry.lean	24
def	is_legendrian	ContactGeometry.lean	68
def	is_contactomorphism	ContactGeometry.lean	91
def	is_tight_proxy	ContactGeometry.lean	162
def	is_fillable_proxy	ContactGeometry.lean	184
inductive	Domain21	ContactGeometry.lean	194
def	AWM_contact_dim	ContactGeometry.lean	203
structure	ContactGeometryLock	ContactGeometry.lean	257
def	CGLock	ContactGeometry.lean	319
structure	LinearSystem	ControlTheory.lean	7
def	is_equilibrium	ControlTheory.lean	38
def	lyapunov_candidate	ControlTheory.lean	46
def	lyapunov_decreasing	ControlTheory.lean	49
structure	PIDGains	ControlTheory.lean	94
def	is_pole	ControlTheory.lean	140
def	pole_stable	ControlTheory.lean	142
def	is_controllable	ControlTheory.lean	221
def	is_observable	ControlTheory.lean	235
def	robust_stable	ControlTheory.lean	279
inductive	Domain21	ControlTheory.lean	285
structure	DomainControlSystem	ControlTheory.lean	296
structure	DomainPIDBank	ControlTheory.lean	329
def	governance_approved	ControlTheory.lean	337
structure	ControlLock	ControlTheory.lean	347
def	CTLock	ControlTheory.lean	373
structure	LinearSystem	ControlTheoryAdvanced.lean	13
def	is_equilibrium	ControlTheoryAdvanced.lean	31
def	is_lyapunov_function	ControlTheoryAdvanced.lean	47
inductive	Domain21	ControlTheoryAdvanced.lean	246
structure	ControlTheoryAdvancedLock	ControlTheoryAdvanced.lean	311
def	CTALock	ControlTheoryAdvanced.lean	362
def	is_convex	ConvexAnalysis.lean	7
def	in_subdifferential	ConvexAnalysis.lean	54
def	fenchel_young	ConvexAnalysis.lean	80
def	is_proximal_point	ConvexAnalysis.lean	117
inductive	Domain21	ConvexAnalysis.lean	267
structure	ConvexLock	ConvexAnalysis.lean	323
def	CALock	ConvexAnalysis.lean	348
def	RSA_modulus	CryptographyTheory.lean	55
def	DLP_instance	CryptographyTheory.lean	82
def	order_divides	CryptographyTheory.lean	90
structure	EllipticCurve	CryptographyTheory.lean	105
def	on_curve	CryptographyTheory.lean	110
def	ec_infinity	CryptographyTheory.lean	114
def	collision_resistant	CryptographyTheory.lean	124
def	hash_security_bits	CryptographyTheory.lean	144
def	block_cipher_secure	CryptographyTheory.lean	153
structure	DigitalSignature	CryptographyTheory.lean	176
def	cert_chain_valid	CryptographyTheory.lean	190
def	SVP_hardness_proxy	CryptographyTheory.lean	202
def	LWE_instance	CryptographyTheory.lean	208
inductive	Domain21	CryptographyTheory.lean	223
def	domain_hash_security	CryptographyTheory.lean	251
def	domain_sig	CryptographyTheory.lean	263
structure	CryptographyTheoryLock	CryptographyTheory.lean	277
def	CryptoLock	CryptographyTheory.lean	312
structure	Chart	DifferentialGeometry.lean	14
structure	TransitionMap	DifferentialGeometry.lean	20
def	manifold_dim	DifferentialGeometry.lean	27
def	is_diffeomorphism	DifferentialGeometry.lean	42
structure	TangentVector	DifferentialGeometry.lean	56
structure	RiemannianMetric	DifferentialGeometry.lean	107
def	euclidean_metric	DifferentialGeometry.lean	141
def	satisfies_geodesic_eq	DifferentialGeometry.lean	207
structure	OneForm	DifferentialGeometry.lean	289
def	is_closed_1form	DifferentialGeometry.lean	303
def	is_exact_1form	DifferentialGeometry.lean	309
structure	LieBracket	DifferentialGeometry.lean	398
inductive	Domain21	DifferentialGeometry.lean	444
structure	AWMManifold	DifferentialGeometry.lean	454
structure	AWMTangentVector	DifferentialGeometry.lean	512
structure	DifferentialGeometryLock	DifferentialGeometry.lean	555
def	DGLock	DifferentialGeometry.lean	604
def	stirling2	DiscreteMathematics.lean	57
def	fib	DiscreteMathematics.lean	71
def	catalan	DiscreteMathematics.lean	99
def	bell	DiscreteMathematics.lean	126
def	hamming_dist	DiscreteMathematics.lean	235
inductive	Domain21	DiscreteMathematics.lean	288
structure	DiscreteMathematicsLock	DiscreteMathematics.lean	340
def	DMLock	DiscreteMathematics.lean	395
structure	Flow	DynamicalSystems.lean	11
def	orbit	DynamicalSystems.lean	26
def	is_fixed_point	DynamicalSystems.lean	40
def	is_lyapunov_stable	DynamicalSystems.lean	44
def	lyapunov_function	DynamicalSystems.lean	57
def	is_invariant	DynamicalSystems.lean	72
def	stable_manifold	DynamicalSystems.lean	81
def	poincare_return_time	DynamicalSystems.lean	99
def	is_periodic	DynamicalSystems.lean	108
def	sensitive_dependence	DynamicalSystems.lean	133
def	topologically_transitive	DynamicalSystems.lean	140
def	saddle_node_bifurcation	DynamicalSystems.lean	150
def	hopf_bifurcation	DynamicalSystems.lean	154
def	pitchfork_bifurcation	DynamicalSystems.lean	168
structure	HamiltonianSystem	DynamicalSystems.lean	178
def	symplectic_preserved	DynamicalSystems.lean	188
def	is_attractor	DynamicalSystems.lean	201
def	attractor_dimension	DynamicalSystems.lean	207
def	basin_of_attraction	DynamicalSystems.lean	214
inductive	Domain21	DynamicalSystems.lean	233
structure	DomainFlow	DynamicalSystems.lean	242
def	domain_attractor_count	DynamicalSystems.lean	266
structure	DynamicalSystemsLock	DynamicalSystems.lean	276
def	DSLock	DynamicalSystems.lean	307
inductive	Domain	EnergyDomain.lean	7
def	all_domains	EnergyDomain.lean	19
def	domain_priority	EnergyDomain.lean	35
structure	SystemCore	EnergyDomain.lean	59
def	U_valid	EnergyDomain.lean	80
def	LawsonViable	EnergyDomain.lean	104
def	BetaStable	EnergyDomain.lean	117
def	NetPowerPositive	EnergyDomain.lean	127
def	ControlStable	EnergyDomain.lean	136
structure	DEIClosure	EnergyDomain.lean	147
structure	EnergyAuditVector	EnergyDomain.lean	187
def	EnergyDomain_audit	EnergyDomain.lean	195
structure	MeasurePreservingSystem	ErgodicTheory.lean	10
def	is_ergodic	ErgodicTheory.lean	60
def	weakly_mixing	ErgodicTheory.lean	72
def	strongly_mixing	ErgodicTheory.lean	80
inductive	Domain21	ErgodicTheory.lean	261
def	system_ergodic	ErgodicTheory.lean	297
structure	ErgodicLock	ErgodicTheory.lean	308
def	ErgLock	ErgodicTheory.lean	332
def	rescale	FSI.lean	18
def	correct_bottleneck	FSI.lean	69
structure	VelocityField	FluidDynamics.lean	10
def	is_incompressible	FluidDynamics.lean	14
def	is_potential_flow	FluidDynamics.lean	145
def	stream_function_proxy	FluidDynamics.lean	150
def	CFL_stable	FluidDynamics.lean	212
inductive	Domain21	FluidDynamics.lean	263
structure	FluidDynamicsLock	FluidDynamics.lean	337
def	FDLock	FluidDynamics.lean	379
abbrev	String	FormalLanguageTheory.lean	11
def	empty_string	FormalLanguageTheory.lean	13
def	concat	FormalLanguageTheory.lean	15
def	str_length	FormalLanguageTheory.lean	34
abbrev	Language	FormalLanguageTheory.lean	53
def	empty_lang	FormalLanguageTheory.lean	55
def	univ_lang	FormalLanguageTheory.lean	58
def	lang_union	FormalLanguageTheory.lean	61
def	lang_concat	FormalLanguageTheory.lean	65
inductive	RegExp.	FormalLanguageTheory.lean	86
def	regexp_lang	FormalLanguageTheory.lean	95
structure	DFA	FormalLanguageTheory.lean	120
def	DFA_run	FormalLanguageTheory.lean	125
def	DFA_accepts	FormalLanguageTheory.lean	135
structure	CFGRule	FormalLanguageTheory.lean	148
structure	CFG	FormalLanguageTheory.lean	152
def	PDA_stack_nonneg	FormalLanguageTheory.lean	172
def	TM_tape_size	FormalLanguageTheory.lean	185
def	type0_proxy	FormalLanguageTheory.lean	204
def	type1_proxy	FormalLanguageTheory.lean	206
def	type2_proxy	FormalLanguageTheory.lean	208
def	type3_proxy	FormalLanguageTheory.lean	210
inductive	Domain21	FormalLanguageTheory.lean	227
def	domain_alphabet_size	FormalLanguageTheory.lean	236
def	domain_DFA	FormalLanguageTheory.lean	260
structure	FormalLanguageTheoryLock	FormalLanguageTheory.lean	282
def	FLTLock	FormalLanguageTheory.lean	342
def	is_cauchy	FunctionalAnalysis.lean	126
def	converges_to	FunctionalAnalysis.lean	131
def	orthogonal	FunctionalAnalysis.lean	233
def	is_linear_map	FunctionalAnalysis.lean	281
def	is_bounded	FunctionalAnalysis.lean	294
def	is_eigenvalue	FunctionalAnalysis.lean	334
def	self_adjoint	FunctionalAnalysis.lean	340
def	finite_rank	FunctionalAnalysis.lean	411
def	is_linear_functional	FunctionalAnalysis.lean	451
def	bounded_functional	FunctionalAnalysis.lean	456
def	bijective_bounded	FunctionalAnalysis.lean	514
inductive	Domain21	FunctionalAnalysis.lean	534
structure	GovernanceOperator	FunctionalAnalysis.lean	588
def	governance_self_adjoint	FunctionalAnalysis.lean	606
structure	FunctionalAnalysisLock	FunctionalAnalysis.lean	658
def	FALock	FunctionalAnalysis.lean	709
def	is_additive	FunctionalEquations.lean	11
def	is_multiplicative	FunctionalEquations.lean	47
def	is_jensen	FunctionalEquations.lean	67
def	has_fixed_point	FunctionalEquations.lean	85
def	is_involution	FunctionalEquations.lean	92
def	fib_seq	FunctionalEquations.lean	117
def	is_convex	FunctionalEquations.lean	139
def	is_subadditive	FunctionalEquations.lean	148
def	satisfies_gamma_recurrence	FunctionalEquations.lean	159
def	dalembert_eq	FunctionalEquations.lean	163
inductive	Domain21	FunctionalEquations.lean	183
structure	FunctionalEquationsLock	FunctionalEquations.lean	223
def	FELock	FunctionalEquations.lean	247
structure	TwoPlayerGame	GameTheory.lean	7
def	is_nash_pure	GameTheory.lean	15
structure	ZeroSumGame	GameTheory.lean	45
structure	MixedStrategy	GameTheory.lean	93
def	is_nash_mixed	GameTheory.lean	133
def	strictly_dominates	GameTheory.lean	146
def	weakly_dominates	GameTheory.lean	160
def	pareto_improvement	GameTheory.lean	175
def	pareto_optimal	GameTheory.lean	184
structure	CoopGame	GameTheory.lean	203
def	superadditive	GameTheory.lean	219
def	in_core	GameTheory.lean	224
def	is_ESS	GameTheory.lean	254
structure	Mechanism	GameTheory.lean	286
def	incentive_compatible	GameTheory.lean	291
def	individually_rational	GameTheory.lean	298
inductive	Domain21	GameTheory.lean	316
structure	DomainStrategy	GameTheory.lean	327
def	AWM_nash_equilibrium	GameTheory.lean	344
structure	GameTheoryLock	GameTheory.lean	381
def	GTLock	GameTheory.lean	430
structure	MetricTensor	GeneralRelativity.lean	10
def	minkowski	GeneralRelativity.lean	24
structure	StressEnergy	GeneralRelativity.lean	106
def	einstein_eq	GeneralRelativity.lean	115
inductive	Domain21	GeneralRelativity.lean	248
structure	GeneralRelativityLock	GeneralRelativity.lean	315
def	GRLock	GeneralRelativity.lean	361
def	WithinTolerance	Governor.lean	9
def	SafetyAdmissible	Governor.lean	41
structure	QMSCheck	Governor.lean	70
def	QMSAdmissible	Governor.lean	74
def	RedundancyAdmissible	Governor.lean	87
structure	GovernanceState	Governor.lean	109
def	GovernanceAdmissible	Governor.lean	114
structure	Graph	GraphTheory.lean	10
def	degree	GraphTheory.lean	15
def	is_path	GraphTheory.lean	113
def	is_connected	GraphTheory.lean	128
def	complete_graph	GraphTheory.lean	134
def	is_acyclic	GraphTheory.lean	151
def	is_tree	GraphTheory.lean	157
def	is_proper_coloring	GraphTheory.lean	180
def	is_matching	GraphTheory.lean	263
inductive	Domain21	GraphTheory.lean	320
def	AWM_graph	GraphTheory.lean	329
structure	GraphTheoryLock	GraphTheory.lean	370
def	GTLock	GraphTheory.lean	400
def	is_harmonic_proxy	HarmonicAnalysis.lean	131
def	spectrum_proxy	HarmonicAnalysis.lean	290
inductive	Domain21	HarmonicAnalysis.lean	312
def	domain_is_harmonic	HarmonicAnalysis.lean	354
structure	HarmonicAnalysisLock	HarmonicAnalysis.lean	368
def	HALock	HarmonicAnalysis.lean	414
structure	IntChainComplex	HomologicalAlgebra.lean	14
def	is_cycle	HomologicalAlgebra.lean	32
def	is_boundary	HomologicalAlgebra.lean	35
def	euler_characteristic	HomologicalAlgebra.lean	92
def	is_exact_at	HomologicalAlgebra.lean	108
structure	ShortExactSeq	HomologicalAlgebra.lean	114
def	connecting_map	HomologicalAlgebra.lean	139
structure	SpectralSeqPage	HomologicalAlgebra.lean	188
structure	ProjectiveRes	HomologicalAlgebra.lean	212
inductive	Domain21	HomologicalAlgebra.lean	242
structure	DomainChain	HomologicalAlgebra.lean	253
def	domain_euler	HomologicalAlgebra.lean	277
def	domain_mass_map	HomologicalAlgebra.lean	299
structure	HomologicalAlgebraLock	HomologicalAlgebra.lean	336
def	HALock	HomologicalAlgebra.lean	381
structure	FisherMetric2D	InformationGeometry.lean	13
def	cramer_rao_satisfied	InformationGeometry.lean	47
def	pinsker_bound	InformationGeometry.lean	77
structure	StatisticalManifold	InformationGeometry.lean	104
def	alpha_connection	InformationGeometry.lean	115
structure	ExponentialFamily	InformationGeometry.lean	132
inductive	Domain21	InformationGeometry.lean	158
structure	DomainFisher	InformationGeometry.lean	169
structure	InformationGeometryLock	InformationGeometry.lean	195
def	IGLock	InformationGeometry.lean	207
def	hamming_dist	InformationTheoryAdvanced.lean	151
inductive	Domain21	InformationTheoryAdvanced.lean	298
structure	InformationTheoryAdvancedLock	InformationTheoryAdvanced.lean	405
def	ITALock	InformationTheoryAdvanced.lean	444
structure	FredholmEq	IntegralEquations.lean	11
structure	VolterraEq	IntegralEquations.lean	23
def	is_symmetric_kernel	IntegralEquations.lean	31
def	is_pd_kernel	IntegralEquations.lean	46
def	neumann_converges	IntegralEquations.lean	77
def	is_eigenfunction	IntegralEquations.lean	99
inductive	Domain21	IntegralEquations.lean	232
structure	IntegralEquationsLock	IntegralEquations.lean	300
def	IELock	IntegralEquations.lean	339
structure	LieAlgebra	LieTheory.lean	12
def	structure_constants	LieTheory.lean	50
def	satisfies_antisymmetry	LieTheory.lean	53
def	satisfies_jacobi	LieTheory.lean	57
structure	RootSystem	LieTheory.lean	149
def	cartan_matrix_entry	LieTheory.lean	159
def	An_nodes	LieTheory.lean	174
def	sl2_H	LieTheory.lean	195
def	sl2_E	LieTheory.lean	201
def	sl2_F	LieTheory.lean	207
def	SO3_dim	LieTheory.lean	272
def	gauge_group_rank	LieTheory.lean	278
inductive	Domain21	LieTheory.lean	288
def	domain_lie_dim	LieTheory.lean	298
def	AWM_root_count	LieTheory.lean	334
structure	LieTheoryLock	LieTheory.lean	344
def	LTLock	LieTheory.lean	379
def	is_linear	LinearAlgebra.lean	41
def	is_eigenpair	LinearAlgebra.lean	105
def	tensor_dim	LinearAlgebra.lean	243
inductive	Domain21	LinearAlgebra.lean	265
def	domain_state_dim	LinearAlgebra.lean	274
structure	LinearAlgebraLock	LinearAlgebra.lean	331
def	LALock	LinearAlgebra.lean	363
inductive	PropFormula	LogicModelTheory.lean	13
def	eval_prop	LogicModelTheory.lean	21
def	is_tautology	LogicModelTheory.lean	30
inductive	FOTerm	LogicModelTheory.lean	62
inductive	AtomicFml	LogicModelTheory.lean	68
def	is_valid_sentence	LogicModelTheory.lean	74
structure	Structure	LogicModelTheory.lean	158
def	elem_equiv	LogicModelTheory.lean	169
def	is_isomorphism	LogicModelTheory.lean	176
def	is_ultrafilter_proxy	LogicModelTheory.lean	195
inductive	NatDeduction	LogicModelTheory.lean	219
def	dep_type	LogicModelTheory.lean	250
inductive	Domain21	LogicModelTheory.lean	273
def	domain_prop	LogicModelTheory.lean	283
structure	LogicModelTheoryLock	LogicModelTheory.lean	328
def	LMTLock	LogicModelTheory.lean	366
structure	MassMap	MC2Engine.lean	23
def	U_MAX	MC2Engine.lean	45
structure	KineticProposal	MC2Engine.lean	90
def	LOCAL_RETAIN	MC2Engine.lean	159
def	GLOBAL_LEAK	MC2Engine.lean	160
structure	MC2Step	MC2Engine.lean	203
structure	MC2Audit	MC2Engine.lean	234
def	MC2_audit	MC2Engine.lean	242
def	masterKey	Main.lean	8
def	main	Main.lean	18
structure	PhasePoint	Manifold21.lean	16
def	PhasePoint.zero	Manifold21.lean	20
def	PhasePoint.add	Manifold21.lean	22
def	PhasePoint.smul	Manifold21.lean	25
structure	HamiltonianSystem	Manifold21.lean	77
def	hamilton_vector_field	Manifold21.lean	83
def	poisson_bracket	Manifold21.lean	88
structure	RiemannianMetric	Manifold21.lean	119
def	euclidean	Manifold21.lean	125
def	is_equilibrium	Manifold21.lean	164
structure	ManifoldAuditVector	Manifold21.lean	226
def	Manifold21_audit	Manifold21.lean	235
def	SIR_conservation	MathematicalBiology.lean	91
def	replicator_constraint	MathematicalBiology.lean	187
inductive	Domain21	MathematicalBiology.lean	265
structure	MathematicalBiologyLock	MathematicalBiology.lean	331
def	MBLock	MathematicalBiology.lean	375
def	is_spontaneous	MathematicalChemistry.lean	82
def	mol_graph_size	MathematicalChemistry.lean	182
structure	MolecularFormula	MathematicalChemistry.lean	194
inductive	Domain21	MathematicalChemistry.lean	297
structure	MathematicalChemistryLock	MathematicalChemistry.lean	375
def	MCLock	MathematicalChemistry.lean	415
def	satisfies_budget	MathematicalEconomics.lean	46
def	walras_law	MathematicalEconomics.lean	105
def	is_pareto_optimal	MathematicalEconomics.lean	119
structure	NormalFormGame	MathematicalEconomics.lean	129
def	is_nash	MathematicalEconomics.lean	133
def	is_mixed_strategy	MathematicalEconomics.lean	146
inductive	Domain21	MathematicalEconomics.lean	235
structure	MathematicalEconomicsLock	MathematicalEconomics.lean	297
def	MELock	MathematicalEconomics.lean	339
structure	DensityOperator	Matrix7.lean	9
structure	UnitaryOperator	Matrix7.lean	14
def	unitary_id	Matrix7.lean	42
def	unitary_comp	Matrix7.lean	47
def	unitary_inv	Matrix7.lean	64
structure	CertifiedKernel	Matrix7.lean	85
def	certify	Matrix7.lean	98
structure	Matrix7Audit	Matrix7.lean	106
def	Matrix7_audit	Matrix7.lean	115
structure	SigmaAlgebra	MeasureTheory.lean	17
def	discrete_sigma_algebra	MeasureTheory.lean	41
structure	MeasureDef	MeasureTheory.lean	49
def	is_probability_measure	MeasureTheory.lean	78
def	measurable_fn	MeasureTheory.lean	91
def	absolutely_continuous	MeasureTheory.lean	153
inductive	Domain21	MeasureTheory.lean	184
structure	DomainMeasure	MeasureTheory.lean	189
structure	MeasureTheoryLock	MeasureTheory.lean	238
def	MTLock	MeasureTheory.lean	241
structure	SystemPresence	MoruzinLaw.lean	6
def	chamber_valid	MoruzinLaw.lean	23
structure	UnificationState	MoruzinLaw.lean	41
def	unification_valid	MoruzinLaw.lean	46
structure	TerminalSeal	MoruzinLaw.lean	73
def	AWM7_Seal	MoruzinLaw.lean	94
structure	Motive	MotivicCohomology.lean	11
def	tate_motive	MotivicCohomology.lean	20
def	motive_sum	MotivicCohomology.lean	28
def	motive_tensor	MotivicCohomology.lean	39
def	motivic_cohom_rank	MotivicCohomology.lean	54
def	K0_rank	MotivicCohomology.lean	71
def	chow_rank	MotivicCohomology.lean	89
def	chow_intersection	MotivicCohomology.lean	94
def	motivic_sphere_dim	MotivicCohomology.lean	143
structure	MixedMotive	MotivicCohomology.lean	171
inductive	Domain21	MotivicCohomology.lean	216
def	domain_motive	MotivicCohomology.lean	225
def	domain_tate	MotivicCohomology.lean	233
def	domain_motive_sum	MotivicCohomology.lean	239
def	domain_tensor	MotivicCohomology.lean	246
structure	MotivicCohomologyLock	MotivicCohomology.lean	276
def	MCLock	MotivicCohomology.lean	316
def	hello	MyProject/Basic.lean	1
structure	Config	MyProject.lean	7
def	cfg	MyProject.lean	13
abbrev	State	MyProject.lean	16
def	Zero	MyProject.lean	18
def	clamp	MyProject.lean	20
def	Proj	MyProject.lean	25
def	norm	MyProject.lean	26
def	dist	MyProject.lean	27
def	U	MyProject.lean	28
def	T	MyProject.lean	29
def	traj	MyProject.lean	31
def	Fixed	MyProject.lean	35
def	InBounds	MyProject.lean	36
def	Valid	MyProject.lean	37
def	Converges	MyProject.lean	90
structure	Certified	MyProject.lean	109
def	SystemLock	MyProject.lean	117
inductive	Domain14	N7Spine.lean	12
structure	MarginVector	N7Spine.lean	19
inductive	SpineState	N7Spine.lean	61
def	SpineState.level	N7Spine.lean	65
def	admissible	N7Spine.lean	69
structure	Proposal	N7Spine.lean	95
inductive	GateDecision	N7Spine.lean	101
def	non_oscillatory	N7Spine.lean	162
def	project_margins	N7Spine.lean	206
structure	N7Audit	N7Spine.lean	233
def	N7_audit	N7Spine.lean	244
structure	SpectralTriple	NoncommutativeGeometry.lean	37
def	nc_torus_relation	NoncommutativeGeometry.lean	61
def	is_projection	NoncommutativeGeometry.lean	74
def	is_unitary	NoncommutativeGeometry.lean	89
def	is_cyclic	NoncommutativeGeometry.lean	102
inductive	Domain21	NoncommutativeGeometry.lean	210
structure	NoncommutativeGeometryLock	NoncommutativeGeometry.lean	266
def	NCGLock	NoncommutativeGeometry.lean	295
def	is_exothermic	NuclearPhysics.lean	107
def	DT_fusion_energy_MeV	NuclearPhysics.lean	155
def	is_magic_number	NuclearPhysics.lean	189
inductive	Domain21	NuclearPhysics.lean	306
structure	NuclearPhysicsLock	NuclearPhysics.lean	369
def	NPLock	NuclearPhysics.lean	413
def	twin_prime_pair	NumberTheory.lean	39
def	goldbach_property	NumberTheory.lean	45
def	mod_equiv	NumberTheory.lean	57
def	is_multiplicative	NumberTheory.lean	299
structure	DirichletCharacter	NumberTheory.lean	373
def	is_algebraic_integer	NumberTheory.lean	403
inductive	Domain21	NumberTheory.lean	521
def	domain_rank	NumberTheory.lean	530
def	domain_index	NumberTheory.lean	554
def	prime_domain	NumberTheory.lean	558
def	domain_mod_equiv	NumberTheory.lean	567
def	system_divisible	NumberTheory.lean	586
def	prime_resonant	NumberTheory.lean	595
structure	NumberTheoryLock	NumberTheory.lean	616
def	NTLock	NumberTheory.lean	666
def	core_primes	NumberTheoryCore.lean	13
def	fib	NumberTheoryCore.lean	44
def	prime_gap	NumberTheoryCore.lean	163
def	arith_prog	NumberTheoryCore.lean	200
def	is_perfect	NumberTheoryCore.lean	257
def	mersenne	NumberTheoryCore.lean	266
inductive	Domain21	NumberTheoryCore.lean	335
def	domains_coprime	NumberTheoryCore.lean	366
def	is_core_prime_resonant	NumberTheoryCore.lean	379
structure	NumberTheoryCoreLock	NumberTheoryCore.lean	404
def	NTCLock	NumberTheoryCore.lean	434
def	abs_error	NumericalAnalysis.lean	7
def	vonNeumann_stable	NumericalAnalysis.lean	266
def	CFL_condition	NumericalAnalysis.lean	276
inductive	Domain21	NumericalAnalysis.lean	291
structure	NumericalAnalysisLock	NumericalAnalysis.lean	339
def	NALock	NumericalAnalysis.lean	380
structure	BoundedOperator	OperatorTheory.lean	8
def	in_spectrum	OperatorTheory.lean	64
def	resolvent_set	OperatorTheory.lean	90
def	is_self_adjoint	OperatorTheory.lean	100
def	is_PSD	OperatorTheory.lean	116
def	is_finite_rank	OperatorTheory.lean	137
structure	OpSemigroup	OperatorTheory.lean	209
def	fredholm_index	OperatorTheory.lean	233
inductive	Domain21	OperatorTheory.lean	259
structure	OperatorTheoryLock	OperatorTheory.lean	328
def	OTLock	OperatorTheory.lean	375
def	snells_law	Optics.lean	11
def	thin_lens	Optics.lean	18
def	constructive	Optics.lean	70
def	destructive	Optics.lean	74
def	population_inversion	Optics.lean	156
inductive	Domain21	Optics.lean	234
structure	OpticsLock	Optics.lean	298
def	OLock	Optics.lean	340
def	satisfies_maximum_principle	OptimalControl.lean	24
def	satisfies_HJB	OptimalControl.lean	111
def	terminal_transversality	OptimalControl.lean	117
inductive	Domain21	OptimalControl.lean	141
structure	DomainControlWeights	OptimalControl.lean	147
structure	OptimalControlLock	OptimalControl.lean	164
def	OCLock	OptimalControl.lean	171
structure	TransportPlan	OptimalTransport.lean	57
structure	KantorovichPotentials	OptimalTransport.lean	124
def	symmetric_potentials	OptimalTransport.lean	135
structure	BrenierMap	OptimalTransport.lean	151
inductive	Domain21	OptimalTransport.lean	245
structure	MarginDistribution	OptimalTransport.lean	254
def	is_1_lipschitz	OptimalTransport.lean	343
structure	OptimalTransportLock	OptimalTransport.lean	374
def	OTLock	OptimalTransport.lean	408
def	is_convex_set	OptimizationTheory.lean	11
def	is_convex_fn	OptimizationTheory.lean	16
def	epigraph	OptimizationTheory.lean	38
def	is_local_min	OptimizationTheory.lean	50
def	is_global_min	OptimizationTheory.lean	53
def	is_PSD	OptimizationTheory.lean	126
def	integer_feasible	OptimizationTheory.lean	149
def	pareto_dominates	OptimizationTheory.lean	185
inductive	Domain21	OptimizationTheory.lean	211
structure	OptimizationTheoryLock	OptimizationTheory.lean	260
def	OTLock	OptimizationTheory.lean	301
structure	SealedDensityOperator	Optimus7.lean	18
structure	SealedProjector	Optimus7.lean	24
structure	UltimateAuditVector	Optimus7.lean	123
def	execute_system_regrade	Optimus7.lean	130
def	IsPositiveOp	Optimus7Quantum.lean	17
structure	DensityOperator	Optimus7Quantum.lean	20
abbrev	Mat	Optimus7Quantum.lean	48
structure	CPTP	Optimus7Quantum.lean	50
def	cptp_map	Optimus7Quantum.lean	55
structure	UnitaryOperator	Optimus7Quantum.lean	75
def	unitaryCompose	Optimus7Quantum.lean	91
structure	CertifiedKernel	Optimus7Quantum.lean	181
def	certify	Optimus7Quantum.lean	194
structure	QuantumAudit	Optimus7Quantum.lean	200
def	quantum_audit	Optimus7Quantum.lean	210
def	QuantumSystemLock	Optimus7Quantum.lean	229
structure	PartialOrder	OrderTheory.lean	11
def	nat_PO	OrderTheory.lean	26
structure	Lattice	OrderTheory.lean	36
def	has_ACC	OrderTheory.lean	73
def	is_galois_connection	OrderTheory.lean	117
def	is_closure_op	OrderTheory.lean	123
def	is_scott_continuous	OrderTheory.lean	140
inductive	Domain21	OrderTheory.lean	191
def	domain_rank	OrderTheory.lean	200
def	domain_le	OrderTheory.lean	223
def	domain_PO	OrderTheory.lean	246
def	domain_closure	OrderTheory.lean	258
structure	OrderTheoryLock	OrderTheory.lean	286
def	OTLock	OrderTheory.lean	342
structure	SecondOrderPDE	PartialDifferentialEquations.lean	7
def	discriminant	PartialDifferentialEquations.lean	12
def	is_elliptic	PartialDifferentialEquations.lean	15
def	is_parabolic	PartialDifferentialEquations.lean	18
def	is_hyperbolic	PartialDifferentialEquations.lean	21
def	laplace_pde	PartialDifferentialEquations.lean	24
def	heat_pde	PartialDifferentialEquations.lean	32
def	wave_pde	PartialDifferentialEquations.lean	40
def	satisfies_entropy	PartialDifferentialEquations.lean	165
structure	C0Semigroup	PartialDifferentialEquations.lean	187
inductive	Domain21	PartialDifferentialEquations.lean	214
def	domain_rank	PartialDifferentialEquations.lean	223
structure	PDELock	PartialDifferentialEquations.lean	291
def	PDELk	PartialDifferentialEquations.lean	322
def	second_order_transition	PhaseTransitions.lean	39
def	first_order_transition	PhaseTransitions.lean	46
structure	CriticalExponents	PhaseTransitions.lean	117
def	rushbrooke_holds	PhaseTransitions.lean	164
def	fisher_holds	PhaseTransitions.lean	168
def	widom_holds	PhaseTransitions.lean	172
def	mean_field_exponents	PhaseTransitions.lean	184
def	same_universality_class	PhaseTransitions.lean	311
inductive	Domain21	PhaseTransitions.lean	444
structure	DomainOrderParameter	PhaseTransitions.lean	454
def	system_ordered	PhaseTransitions.lean	462
def	phase_coherent	PhaseTransitions.lean	492
structure	PhaseTransitionsLock	PhaseTransitions.lean	516
def	PTLock	PhaseTransitions.lean	552
structure	EnergyTriad	PhysicsCore.lean	20
def	EnergyTriad.total	PhysicsCore.lean	28
def	LawsonBound	PhysicsCore.lean	41
def	triple_product	PhysicsCore.lean	44
def	lawson_satisfied	PhysicsCore.lean	47
def	NS_regular	PhysicsCore.lean	75
structure	AlfvenicConfig	PhysicsCore.lean	79
structure	PlasmaState	PhysicsCore.lean	161
def	divB_free	PhysicsCore.lean	178
structure	PhysicsAuditVector	PhysicsCore.lean	200
def	PhysicsCore_audit	PhysicsCore.lean	209
inductive	Domain21	PlasmaPhysics.lean	276
structure	PlasmaPhysicsLock	PlasmaPhysics.lean	344
def	PPLock	PlasmaPhysics.lean	389
structure	GoldenRatio	PrimeMasterEngine.lean	326
def	canonical_	PrimeMasterEngine.lean	343
inductive	IsingSpin	PrimeMasterEngine.lean	366
def	ising_value	PrimeMasterEngine.lean	371
def	is_contraction	PrimeMasterEngine.lean	406
def	is_fixed_point	PrimeMasterEngine.lean	409
structure	LyapunovState	PrimeMasterEngine.lean	446
structure	LagrangianState	PrimeMasterEngine.lean	481
structure	PrimeMasterAudit	PrimeMasterEngine.lean	514
def	prime_audit	PrimeMasterEngine.lean	543
structure	ProbSpace	ProbabilityTheory.lean	11
def	expectation	ProbabilityTheory.lean	39
def	independent	ProbabilityTheory.lean	119
structure	MarkovChain	ProbabilityTheory.lean	225
def	is_stationary	ProbabilityTheory.lean	243
def	detailed_balance	ProbabilityTheory.lean	251
inductive	Domain21	ProbabilityTheory.lean	316
structure	ProbabilityTheoryLock	ProbabilityTheory.lean	381
def	PTLock	ProbabilityTheory.lean	417
structure	DensityOperator	QuantumCore.lean	19
structure	Projector	QuantumCore.lean	53
structure	UnitaryOp	QuantumCore.lean	147
def	is_pure_state	QuantumCore.lean	199
structure	QuantumAuditVector	QuantumCore.lean	267
def	QuantumCore_audit	QuantumCore.lean	277
def	pauli_commute	QuantumErrorCorrection.lean	7
structure	StabilizerCode	QuantumErrorCorrection.lean	21
def	steane_code	QuantumErrorCorrection.lean	104
def	shor_code	QuantumErrorCorrection.lean	131
def	is_perfect_code	QuantumErrorCorrection.lean	154
def	is_transversal	QuantumErrorCorrection.lean	163
structure	SyndromeResult	QuantumErrorCorrection.lean	169
structure	SurfaceCode	QuantumErrorCorrection.lean	202
def	surface_stabilizer_weight	QuantumErrorCorrection.lean	219
inductive	Domain21	QuantumErrorCorrection.lean	250
structure	DomainQEC	QuantumErrorCorrection.lean	261
structure	QECLock	QuantumErrorCorrection.lean	316
def	QECSystemLock	QuantumErrorCorrection.lean	345
def	occupation_number	QuantumFieldTheory.lean	39
def	coupling_small	QuantumFieldTheory.lean	106
def	gauge_invariant	QuantumFieldTheory.lean	159
def	SM_gauge_group_rank	QuantumFieldTheory.lean	185
def	superpartner_mass	QuantumFieldTheory.lean	224
inductive	Domain21	QuantumFieldTheory.lean	243
structure	QuantumFieldTheoryLock	QuantumFieldTheory.lean	306
def	QFTLock	QuantumFieldTheory.lean	353
structure	ADMDecomposition	QuantumGravity.lean	7
structure	AshtekarVariables	QuantumGravity.lean	78
structure	SpinNetwork	QuantumGravity.lean	99
def	area_second_law	QuantumGravity.lean	237
def	graviton_spin	QuantumGravity.lean	250
structure	FRWUniverse	QuantumGravity.lean	274
inductive	Domain21	QuantumGravity.lean	383
structure	AWMSpinNetwork	QuantumGravity.lean	392
def	above_planck_scale	QuantumGravity.lean	464
structure	QuantumGravityLock	QuantumGravity.lean	485
def	QGLock	QuantumGravity.lean	551
def	valid_distribution	QuantumInformation.lean	11
def	subadditivity_satisfied	QuantumInformation.lean	50
def	strong_subadditivity_holds	QuantumInformation.lean	179
inductive	Domain21	QuantumInformation.lean	292
structure	DomainInfoState	QuantumInformation.lean	301
structure	QInfoLock	QuantumInformation.lean	413
def	QILock	QuantumInformation.lean	450
def	asymptotically_free	RenormalizationGroup.lean	24
def	rg_fixed_point	RenormalizationGroup.lean	43
def	relevant_operator	RenormalizationGroup.lean	157
def	irrelevant_operator	RenormalizationGroup.lean	158
def	marginal_operator	RenormalizationGroup.lean	159
structure	ConformalWindow	RenormalizationGroup.lean	187
structure	MixingMatrix	RenormalizationGroup.lean	213
structure	UniversalityClass	RenormalizationGroup.lean	253
def	rushbrooke_satisfied	RenormalizationGroup.lean	263
def	fisher_relation_satisfied	RenormalizationGroup.lean	267
def	widom_relation_satisfied	RenormalizationGroup.lean	271
inductive	Domain21	RenormalizationGroup.lean	306
structure	DomainCouplings	RenormalizationGroup.lean	317
structure	RGLock	RenormalizationGroup.lean	368
def	RGSystemLock	RenormalizationGroup.lean	397
structure	Representation	RepresentationTheory.lean	11
def	is_intertwiner	RepresentationTheory.lean	74
def	induced_dim	RepresentationTheory.lean	130
def	rep_dim_add	RepresentationTheory.lean	147
def	rep_dim_tensor	RepresentationTheory.lean	153
def	dual_dim	RepresentationTheory.lean	160
def	weight	RepresentationTheory.lean	195
inductive	Domain21	RepresentationTheory.lean	222
def	domain_rep_dim	RepresentationTheory.lean	231
structure	RepresentationTheoryLock	RepresentationTheory.lean	264
def	RTLock	RepresentationTheory.lean	299
def	ordinal_add	SetTheory.lean	138
def	forcing_condition	SetTheory.lean	204
def	is_inaccessible_proxy	SetTheory.lean	218
def	is_measurable_proxy	SetTheory.lean	225
def	woodin_proxy	SetTheory.lean	232
inductive	Domain21	SetTheory.lean	243
structure	SetTheoryLock	SetTheory.lean	290
def	STLock	SetTheory.lean	316
def	unit_impulse	SignalProcessing.lean	32
def	is_BIBO_stable	SignalProcessing.lean	83
def	satisfies_nyquist	SignalProcessing.lean	103
def	valid_mod_index	SignalProcessing.lean	160
inductive	Domain21	SignalProcessing.lean	217
structure	SignalProcessingLock	SignalProcessing.lean	265
def	SPLock	SignalProcessing.lean	308
structure	HamiltonianAudit	SovereignHamiltonian.lean	68
def	H_OPT7_audit	SovereignHamiltonian.lean	76
inductive	Op	SpineLanguage.lean	21
def	Op.arity	SpineLanguage.lean	35
def	Op.is_unary	SpineLanguage.lean	42
def	Op.is_binary	SpineLanguage.lean	46
structure	Constraint	SpineLanguage.lean	59
def	all_satisfied	SpineLanguage.lean	64
structure	Governance	SpineLanguage.lean	88
def	executable	SpineLanguage.lean	93
def	governance_and	SpineLanguage.lean	97
inductive	SpineExpr	SpineLanguage.lean	114
def	SpineExpr.depth	SpineLanguage.lean	121
def	SpineExpr.size	SpineLanguage.lean	127
def	admissible_expr	SpineLanguage.lean	154
def	closure_ready	SpineLanguage.lean	183
def	valid_closure	SpineLanguage.lean	187
structure	SpineFramework	SpineLanguage.lean	210
def	SpineFramework.admissible	SpineLanguage.lean	217
def	SpineFramework.can_close	SpineLanguage.lean	222
structure	SpineAudit	SpineLanguage.lean	232
def	Spine_audit	SpineLanguage.lean	242
structure	ThermodynamicProcess	StatisticalMechanics.lean	197
def	second_law_satisfied	StatisticalMechanics.lean	209
def	is_ordered	StatisticalMechanics.lean	241
def	is_disordered	StatisticalMechanics.lean	243
inductive	Domain21	StatisticalMechanics.lean	274
structure	DomainThermal	StatisticalMechanics.lean	285
def	thermal_equilibrium	StatisticalMechanics.lean	320
structure	StatMechLock	StatisticalMechanics.lean	327
def	SMSLock	StatisticalMechanics.lean	349
def	fokker_planck_stationary	StochasticDifferentialEquations.lean	99
def	lipschitz_drift	StochasticDifferentialEquations.lean	178
def	lipschitz_diffusion	StochasticDifferentialEquations.lean	181
inductive	Domain21	StochasticDifferentialEquations.lean	242
structure	DomainSDE	StochasticDifferentialEquations.lean	253
structure	SDELock	StochasticDifferentialEquations.lean	285
def	SDESystemLock	StochasticDifferentialEquations.lean	303
structure	CalabiYau	StringTheory.lean	104
def	CY3	StringTheory.lean	112
structure	HodgeNumbers	StringTheory.lean	123
def	quintic_hodge	StringTheory.lean	147
structure	DBrane	StringTheory.lean	208
def	is_BPS	StringTheory.lean	226
def	BRST_nilpotent	StringTheory.lean	360
def	is_physical	StringTheory.lean	363
def	gauge_equivalent	StringTheory.lean	366
structure	ClosedStringSpectrum	StringTheory.lean	380
inductive	Domain21	StringTheory.lean	390
def	AWM_target_dim	StringTheory.lean	401
structure	DomainBrane	StringTheory.lean	412
def	domain_brane_count	StringTheory.lean	418
structure	StringTheoryLock	StringTheory.lean	487
def	STLock	StringTheory.lean	535
structure	SymplecticForm	SymplecticTopology.lean	8
def	is_symplectomorphism	SymplecticTopology.lean	130
def	is_lagrangian_proxy	SymplecticTopology.lean	157
def	floer_chain_nonneg	SymplecticTopology.lean	226
inductive	Domain21	SymplecticTopology.lean	246
def	AWM_phase_dim	SymplecticTopology.lean	255
structure	SymplecticTopologyLock	SymplecticTopology.lean	317
def	STLock	SymplecticTopology.lean	394
def	HashIdentity	Synaptic_Weights.lean	36
structure	ConceptFunctor	Synaptic_Weights.lean	62
def	ConceptFunctor.preserves_comp	Synaptic_Weights.lean	65
def	EntropyNonDecreasing	Synaptic_Weights.lean	84
def	IsNashEquilibrium	Synaptic_Weights.lean	92
def	HolonomicValid	Synaptic_Weights.lean	102
structure	LexiconAudit	Synaptic_Weights.lean	120
def	Lexicon_audit	Synaptic_Weights.lean	130
def	first_law	Thermodynamics.lean	10
def	second_law	Thermodynamics.lean	17
def	thermal_equilibrium	Thermodynamics.lean	35
def	ideal_gas_law	Thermodynamics.lean	83
inductive	Domain21	Thermodynamics.lean	301
structure	ThermodynamicsLock	Thermodynamics.lean	364
def	TDLock	Thermodynamics.lean	407
structure	BirthDeathPair	TopologicalDataAnalysis.lean	7
structure	Barcode	TopologicalDataAnalysis.lean	30
def	barcode_size	TopologicalDataAnalysis.lean	52
structure	BettiNumbers	TopologicalDataAnalysis.lean	69
def	simply_connected	TopologicalDataAnalysis.lean	92
structure	PDPoint	TopologicalDataAnalysis.lean	133
def	is_essential	TopologicalDataAnalysis.lean	147
structure	Filtration	TopologicalDataAnalysis.lean	155
inductive	Domain21	TopologicalDataAnalysis.lean	204
structure	MarginCloud	TopologicalDataAnalysis.lean	215
structure	TDALock	TopologicalDataAnalysis.lean	257
def	TDASystemLock	TopologicalDataAnalysis.lean	275
structure	Topology	TopologyAdvanced.lean	11
def	discrete_topology	TopologyAdvanced.lean	36
def	indiscrete_topology	TopologyAdvanced.lean	44
def	is_continuous	TopologyAdvanced.lean	70
def	is_compact	TopologyAdvanced.lean	109
def	is_connected	TopologyAdvanced.lean	137
def	is_path_connected	TopologyAdvanced.lean	155
structure	MetricSpace	TopologyAdvanced.lean	165
def	is_cauchy	TopologyAdvanced.lean	186
def	is_complete	TopologyAdvanced.lean	193
def	is_homotopic	TopologyAdvanced.lean	205
def	pi1_trivial	TopologyAdvanced.lean	225
structure	FiberBundle	TopologyAdvanced.lean	238
def	trivial_bundle	TopologyAdvanced.lean	250
def	bundle_rank	TopologyAdvanced.lean	257
def	is_covering_map	TopologyAdvanced.lean	267
def	universal_cover_exists.	TopologyAdvanced.lean	281
inductive	Domain21	TopologyAdvanced.lean	293
def	domain_topology	TopologyAdvanced.lean	302
def	domain_rank	TopologyAdvanced.lean	310
def	domain_metric	TopologyAdvanced.lean	333
def	domain_bundle	TopologyAdvanced.lean	356
structure	TopologyAdvancedLock	TopologyAdvanced.lean	378
def	TALock	TopologyAdvanced.lean	423
def	trop_add	TropicalGeometry.lean	11
def	trop_mul	TropicalGeometry.lean	12
def	trop_hypersurface	TropicalGeometry.lean	82
def	trop_intersection_mult	TropicalGeometry.lean	153
def	trop_genus	TropicalGeometry.lean	195
inductive	Domain21	TropicalGeometry.lean	214
def	domain_rank	TropicalGeometry.lean	223
def	domain_trop_add	TropicalGeometry.lean	237
def	domain_trop_genus	TropicalGeometry.lean	276
structure	TropicalGeometryLock	TropicalGeometry.lean	287
def	TGLock	TropicalGeometry.lean	338
structure	Signature	UniversalAlgebra.lean	7
structure	Algebra	UniversalAlgebra.lean	11
def	trivial_algebra	UniversalAlgebra.lean	17
structure	Homomorphism	UniversalAlgebra.lean	25
def	id_hom	UniversalAlgebra.lean	32
def	comp_hom	UniversalAlgebra.lean	42
structure	Congruence	UniversalAlgebra.lean	59
def	eq_congruence	UniversalAlgebra.lean	72
def	free_algebra_dim	UniversalAlgebra.lean	87
inductive	Term	UniversalAlgebra.lean	94
structure	Equation	UniversalAlgebra.lean	103
def	satisfies_eq	UniversalAlgebra.lean	108
def	is_clone_proxy	UniversalAlgebra.lean	129
structure	ModuleProxy	UniversalAlgebra.lean	135
def	zero_module	UniversalAlgebra.lean	140
def	product_algebra	UniversalAlgebra.lean	153
inductive	Domain21	UniversalAlgebra.lean	173
def	AWM_signature	UniversalAlgebra.lean	182
structure	UniversalAlgebraLock	UniversalAlgebra.lean	231
def	UALock	UniversalAlgebra.lean	271
def	Functional	VariationalCalculus.lean	11
def	is_linear_functional	VariationalCalculus.lean	13
def	satisfies_EL	VariationalCalculus.lean	57
def	is_conserved	VariationalCalculus.lean	140
def	is_coercive	VariationalCalculus.lean	167
def	gamma_converges_proxy	VariationalCalculus.lean	240
inductive	Domain21	VariationalCalculus.lean	257
structure	VariationalCalculusLock	VariationalCalculus.lean	311
def	VCLock	VariationalCalculus.lean	344
def	bridge_status	VerifyState.lean	24
structure	MRAStructure	WaveletAnalysis.lean	11
structure	ScalingFilter	WaveletAnalysis.lean	44
def	is_frame_proxy	WaveletAnalysis.lean	181
def	downsample	WaveletAnalysis.lean	195
def	upsample	WaveletAnalysis.lean	207
inductive	Domain21	WaveletAnalysis.lean	228
structure	WaveletAnalysisLock	WaveletAnalysis.lean	276
def	WALock	WaveletAnalysis.lean	321
structure	GeometryBounds	proofs/AWMCore.lean	15
def	Trajectory	proofs/AWMCore.lean	124
def	step_diff	proofs/AWMCore.lean	126
def	spectrally_normalized	proofs/AWMCore.lean	152
structure	AWMParams	proofs/AWMCore.lean	169
structure	AWMState	proofs/AWMCore.lean	177
structure	AWMCoreAudit	proofs/AWMCore.lean	212
def	AWMCore_audit	proofs/AWMCore.lean	222
def	main_theorem	proofs/MainTheorem.lean	1
def	main	system_audit.lean	6
def	check_node	verify_registry.lean	13
def	main	verify_registry.lean	16
